LogID,LogEntryDate,LogEntryTime,LogEntrySeconds,LogNotes,TPS,RPM,TimingAdv,FuelTrim_Low,FuelTrim_Mid,FuelTrim_High,FuelTrim_InUse,O2FeedbackTrim,CoolantTemp,Battery,Speed,Load1B,KnockSum,CoolantTempScaled,WideBandAF,InjPulseWidth,InjDutyCycle,FuelConsumption,MAP,AirTemp,MAFAirTempScaled,ZTXBoost,ZTXEGT,Baro,AirFlow,AccelEnrich,O2Sensor,TargetIdleRPM,O2Sensor2,Gear,AirVol,JDMMAP,KnockSum3E,ISCSteps,CrankSignalSw,IdlePosSw,PwrSteeringSw,ACSwitch,ACRelaySw,InhibitorSw,AFRMAP,LoadCalc,Load11bit4,ECULoad,InjectorLatency,LoadMUT2Byte,RPMMUT2Byte,AirFlowMUT2Byte,OctaneFlag,EGRTemp,MATScaled,WGDC,LoadError,WGDCCorr,GMMAP,MAPScaled,gmas,LC1WidebandO2,WB02,Alt_Maps,ZTXRPM,ZTXTPS,ZTXUser1,ZTXUser2,ZTXConfig,LC1RPM,LC1Battery,LC1Aux1,LC1Aux2,LC1Aux3,LC1Aux4,LC1Aux5,TestE1,TestE4,KnockVoltage,Knock_72,knock_adc,knock_base,knock_var,knock_change,knock_dynamics,knock_flag,EFI_ClearDTC,DLP1Digital,DLP2Digital,DLP3Digital,DLP4Digital,DLP5Digital,DLP6Digital,DLP7Digital,DLP8Digital,DLP1Analog,DLP2Analog,DLP3Analog,DLP4Analog,DLP5Analog,DLP6Analog,DLP7Analog,DLP8Analog,DLP1Temp,DLP2Temp,DLP3Temp,DLP4Temp,DLP5Temp,DLP6Temp,DLP7Temp,DLP8Temp,Custom
1,2025-12-31,14:54:25.95743,0.15171,,26.6666666666667,1968.75,34,4.1015625,1.953125,0,1.953125,11.5234375,89,14.15269,28,0,0,83,0,2.816,4.69333333333333,0.643657142857143,2.001,17,,,,,112.5,,0.03904,,0.23424,2.32142857142857,176,,,,,,,,,,,,,,,2741.875,228000,1311.465,100,262.9,,,,,,0,207.0664,,,,,,,,,,,,,,,,,,,,,,,,,,,,,,,,,,,,,,,,,,,,,,,,,,,
2,2025-12-31,14:54:26.30181,0.49563,,28.2352941176471,2062.5,31,4.1015625,1.953125,0,1.953125,14.0625,91,14.00603,28,0,0,84,0,3.328,5.72,0.784457142857143,2.32116,17,,,,,137.5,,0.03904,,0.03904,2.35714285714286,8,,,,,,,,,,,,,,,2741.875,228000,1286.20671875,100,262.9,,,,,,0,207.0664,,,,,,,,,,,,,,,,,,,,,,,,,,,,,,,,,,,,,,,,,,,,,,,,,,,
3,2025-12-31,14:54:26.63318,0.82753,,28.2352941176471,2156.25,32,4.1015625,1.953125,0,1.953125,17.7734375,91,14.07936,26,0,0,84,0,3.072,5.6,0.827076923076923,2.34784,16,,,,,143.75,,0.05856,,0.05856,2.69230769230769,152,,,,,,,,,,,,,,,2741.875,196000,1311.465,100,262.9,,,,,,0,207.0664,,,,,,,,,,,,,,,,,,,,,,,,,,,,,,,,,,,,,,,,,,,,,,,,,,,
4,2025-12-31,14:54:27.07187,1.26554,,28.6274509803922,2281.25,32,4.1015625,1.953125,0,1.953125,22.0703125,91,14.00603,26,0,0,84,0,3.072,5.84,0.862523076923077,2.34784,16,,,,,150,,0.05856,,0.05856,2.84615384615385,184,,,,,,,,,,,,,,,2741.25,196000,1311.465,100,262.9,,,,,,0,207.0664,,,,,,,,,,,,,,,,,,,,,,,,,,,,,,,,,,,,,,,,,,,,,,,,,,,
5,2025-12-31,14:54:27.40327,1.5969,,23.921568627451,2343.75,38,4.1015625,1.953125,0,1.953125,24.8046875,91,14.07936,32,0,0,84,0,2.048,4.05333333333333,0.4864,1.76088,16,,,,,100,,0.03904,,0.07808,2.40625,40,,,,,,,,,,,,,,,2741.875,228000,1463.0146875,100,262.9,,,,,,0,207.0664,,,,,,,,,,,,,,,,,,,,,,,,,,,,,,,,,,,,,,,,,,,,,,,,,,,
6,2025-12-31,14:54:27.80404,1.99912,,21.5686274509804,2312.5,38,4.1015625,1.953125,0,1.953125,23.828125,91,14.00603,32,0,0,84,0,1.536,2.96,0.36,1.37402,16,,,,,93.75,,0.89792,,0.05856,2.375,208,,,,,,,,,,,,,,,2741.25,228000,1488.27296875,100,262.9,,,,,,0,207.0192,,,,,,,,,,,,,,,,,,,,,,,,,,,,,,,,,,,,,,,,,,,,,,,,,,,
7,2025-12-31,14:54:28.18653,2.38017,,20.3921568627451,2312.5,33,4.1015625,1.953125,0,1.953125,20.703125,91,14.07936,32,0,0,84,0,1.28,2.56666666666667,0.308,1.08054,16,,,,,50,,0.85888,,0.1952,2.40625,0,,,,,,,,,,,,,,,2741.875,228000,1336.72328125,100,262.9,,,,,,0,207.0192,,,,,,,,,,,,,,,,,,,,,,,,,,,,,,,,,,,,,,,,,,,,,,,,,,,
8,2025-12-31,14:54:28.64521,2.84037,,20.3921568627451,2312.5,32,4.1015625,1.953125,0,1.953125,20.8984375,91,14.07936,32,0,0,84,0,1.28,2.46666666666667,0.296,1.01384,16,,,,,50,,0.03904,,0.83936,2.34375,0,,,,,,,,,,,,,,,2741.25,228000,1336.625,100,262.9,,,,,,0,207.0192,,,,,,,,,,,,,,,,,,,,,,,,,,,,,,,,,,,,,,,,,,,,,,,,,,,
9,2025-12-31,14:54:29.01589,3.2096,,20.3921568627451,2312.5,32,4.1015625,1.953125,0,1.953125,24.4140625,91,14.15269,32,0,0,84,0,1.28,2.43333333333333,0.292,1.0005,16,,,,,50,,0.01952,,0.89792,2.3125,32,,,,,,,,,,,,,,,2741.875,228000,1311.465,100,262.9,,,,,,0,207.0664,,,,,,,,,,,,,,,,,,,,,,,,,,,,,,,,,,,,,,,,,,,,,,,,,,,
10,2025-12-31,14:54:29.39957,3.59416,,20.3921568627451,2281.25,33,4.1015625,1.953125,0,1.953125,24.8046875,91,14.07936,32,0,0,84,0,1.28,2.43333333333333,0.292,1.02718,16,,,,,50,,0.01952,,0.89792,2.3125,72,,,,,,,,,,,,,,,2741.875,228000,1336.625,100,262.9,,,,,,0,207.0664,,,,,,,,,,,,,,,,,,,,,,,,,,,,,,,,,,,,,,,,,,,,,,,,,,,
11,2025-12-31,14:54:29.76721,3.96088,,20.3921568627451,2250,32,4.1015625,1.953125,0,1.953125,24.8046875,91,14.07936,32,0,0,84,0,1.28,2.43333333333333,0.296,0.98716,16,,,,,50,,0.01952,,0.89792,2.3125,16,,,,,,,,,,,,,,,2741.875,196000,1311.465,100,262.9,,,,,,0,207.0664,,,,,,,,,,,,,,,,,,,,,,,,,,,,,,,,,,,,,,,,,,,,,,,,,,,
12,2025-12-31,14:54:30.11488,4.31153,,20.3921568627451,2281.25,33,4.1015625,1.953125,0,1.953125,24.8046875,91,14.00603,32,0,0,84,0,1.28,2.4,0.288,1.0005,16,,,,,50,,0.01952,,0.81984,2.25,72,,,,,,,,,,,,,,,2741.875,196000,1336.72328125,100,262.9,,,,,,0,207.0664,,,,,,,,,,,,,,,,,,,,,,,,,,,,,,,,,,,,,,,,,,,,,,,,,,,
13,2025-12-31,14:54:30.51687,4.71062,,20.3921568627451,2250,33,4.1015625,1.953125,0,1.953125,24.8046875,91,14.07936,32,0,0,84,0,1.28,2.36666666666667,0.284,1.01384,16,,,,,50,,0.01952,,0.03904,2.21875,80,,,,,,,,,,,,,,,2741.875,228000,1336.72328125,100,262.9,,,,,,0,207.0192,,,,,,,,,,,,,,,,,,,,,,,,,,,,,,,,,,,,,,,,,,,,,,,,,,,
14,2025-12-31,14:54:30.95708,5.15058,,20.3921568627451,2218.75,33,4.1015625,1.953125,0,1.953125,11.9140625,91,14.07936,30,0,0,84,0,1.28,2.36666666666667,0.302933333333333,1.01384,16,,,,,50,,0.01952,,0.01952,2.36666666666667,40,,,,,,,,,,,,,,,2741.875,228000,1336.72328125,100,262.9,,,,,,0,207.0664,,,,,,,,,,,,,,,,,,,,,,,,,,,,,,,,,,,,,,,,,,,,,,,,,,,
15,2025-12-31,14:54:31.22500,5.41866,,20.3921568627451,2218.75,33,4.1015625,1.953125,0,1.953125,14.0625,91,14.07936,30,0,0,84,0,1.28,2.36666666666667,0.302933333333333,1.02718,16,,,,,50,,0.01952,,0.01952,2.36666666666667,88,,,,,,,,,,,,,,,2741.875,228000,1336.72328125,100,262.9,,,,,,0,207.0664,,,,,,,,,,,,,,,,,,,,,,,,,,,,,,,,,,,,,,,,,,,,,,,,,,,
16,2025-12-31,14:54:31.48756,5.68152,,20.3921568627451,2187.5,33,4.1015625,1.953125,0,1.953125,16.40625,91,14.07936,30,0,0,84,0,1.28,2.33333333333333,0.298666666666667,1.05386,16,,,,,50,,0.03904,,0.01952,2.33333333333333,112,,,,,,,,,,,,,,,2741.875,196000,1336.72328125,100,262.9,,,,,,0,207.0664,,,,,,,,,,,,,,,,,,,,,,,,,,,,,,,,,,,,,,,,,,,,,,,,,,,
17,2025-12-31,14:54:31.84934,6.04335,,20.3921568627451,2218.75,33,4.1015625,1.953125,0,1.953125,19.3359375,91,14.00603,30,0,0,84,0,1.28,2.36666666666667,0.302933333333333,1.0672,16,,,,,50,,0.03904,,0.01952,2.36666666666667,112,,,,,,,,,,,,,,,2741.875,228000,1336.72328125,100,262.9,,,,,,0,207.0664,,,,,,,,,,,,,,,,,,,,,,,,,,,,,,,,,,,,,,,,,,,,,,,,,,,
18,2025-12-31,14:54:32.25506,6.44964,,20.3921568627451,2093.75,32,4.1015625,1.953125,0,1.953125,23.046875,91,14.07936,30,0,0,84,0,1.28,2.23333333333333,0.285866666666667,1.09388,16,,,,,50,,0.05856,,0.03904,2.26666666666667,176,,,,,,,,,,,,,,,2741.875,196000,1336.625,100,262.9,,,,,,0,207.0664,,,,,,,,,,,,,,,,,,,,,,,,,,,,,,,,,,,,,,,,,,,,,,,,,,,
19,2025-12-31,14:54:32.64682,6.84429,,20.3921568627451,2281.25,33,4.1015625,1.953125,0,1.953125,24.21875,91,14.07936,30,0,0,84,0,1.28,2.33333333333333,0.298666666666667,1.05386,16,,,,,50,,0.81984,,0.03904,2.3,120,,,,,,,,,,,,,,,2741.875,228000,1336.72328125,100,262.9,,,,,,0,207.0664,,,,,,,,,,,,,,,,,,,,,,,,,,,,,,,,,,,,,,,,,,,,,,,,,,,
20,2025-12-31,14:54:33.01061,7.20425,,21.5686274509804,2218.75,34,4.1015625,1.953125,0,1.953125,23.828125,91,14.07936,30,0,0,84,0,1.536,2.88,0.36864,1.18726,16,,,,,62.5,,0.74176,,0.07808,2.4,248,,,,,,,,,,,,,,,2741.875,228000,1387.23984375,100,262.9,,,,,,0,207.0664,,,,,,,,,,,,,,,,,,,,,,,,,,,,,,,,,,,,,,,,,,,,,,,,,,,
21,2025-12-31,14:54:33.41734,7.61103,,28.6274509803922,2250,33,4.1015625,1.953125,0,1.953125,22.265625,91,14.00603,30,0,0,84,0,3.584,6.72,0.86016,2.18776,15,,,,,143.75,,0.8784,,0.0976,2.4,48,,,,,,,,,,,,,,,2741.875,228000,1311.465,100,262.9,,,,,,0,207.0664,,,,,,,,,,,,,,,,,,,,,,,,,,,,,,,,,,,,,,,,,,,,,,,,,,,
22,2025-12-31,14:54:33.80690,8.00061,,29.0196078431373,2375,32,4.1015625,1.953125,0,1.953125,19.140625,91,14.07936,32,0,0,84,0,3.328,6.58666666666667,0.7904,2.3345,15,,,,,150,,0.8784,,0.11712,2.40625,248,,,,,,,,,,,,,,,2741.875,228000,1361.9815625,100,262.9,,,,,,0,207.0664,,,,,,,,,,,,,,,,,,,,,,,,,,,,,,,,,,,,,,,,,,,,,,,,,,,
23,2025-12-31,14:54:34.26419,8.45825,,28.2352941176471,2468.75,35,4.1015625,1.953125,0,1.953125,15.625,91,14.00603,32,0,0,84,0,2.816,5.86666666666667,0.704,2.17442,15,,,,,143.75,,0.81984,,0.85888,2.53125,72,,,,,,,,,,,,,,,2741.25,228000,1387.23984375,100,262.9,,,,,,0,207.0664,,,,,,,,,,,,,,,,,,,,,,,,,,,,,,,,,,,,,,,,,,,,,,,,,,,
24,2025-12-31,14:54:34.68409,8.87845,,27.0588235294118,2593.75,37,4.1015625,1.953125,0,1.953125,14.0625,91,14.00603,32,0,0,84,0,2.56,5.6,0.672,2.001,15,,,,,131.25,,0.05856,,0.89792,2.625,144,,,,,,,,,,,,,,,2741.875,228000,1463.0146875,100,262.9,,,,,,0,207.0664,,,,,,,,,,,,,,,,,,,,,,,,,,,,,,,,,,,,,,,,,,,,,,,,,,,
25,2025-12-31,14:54:35.10361,9.29872,,26.6666666666667,2656.25,41,4.1015625,1.953125,0,1.953125,20.3125,91,14.07936,36,0,0,84,0,2.304,5.16,0.5504,1.89428,15,,,,,125,,0.74176,,0.8784,2.38888888888889,88,,,,,,,,,,,,,,,2741.875,228000,1538.78953125,100,262.9,,,,,,0,207.0664,,,,,,,,,,,,,,,,,,,,,,,,,,,,,,,,,,,,,,,,,,,,,,,,,,,
26,2025-12-31,14:54:35.53522,9.73045,,25.0980392156863,2718.75,42,4.1015625,1.953125,0,1.953125,16.9921875,91,14.00603,36,0,0,84,0,1.792,4.10666666666667,0.438044444444444,1.57412,15,,,,,93.75,,0.83936,,0.85888,2.44444444444444,40,,,,,,,,,,,,,,,2741.875,228000,1538.78953125,100,262.9,,,,,,0,207.0664,,,,,,,,,,,,,,,,,,,,,,,,,,,,,,,,,,,,,,,,,,,,,,,,,,,
27,2025-12-31,14:54:35.96097,10.15471,,22.3529411764706,2781.25,38,4.1015625,1.953125,0,1.953125,-2.34375,91,14.07936,36,0,0,84,0,1.28,2.93333333333333,0.312888888888889,1.14724,15,,,,,68.75,,0.8784,,0.83936,2.44444444444444,152,,,,,,,,,,,,,,,2741.25,228000,1437.75640625,100,262.9,,,,,,0,207.0664,,,,,,,,,,,,,,,,,,,,,,,,,,,,,,,,,,,,,,,,,,,,,,,,,,,
28,2025-12-31,14:54:36.36295,10.55735,,21.9607843137255,2750,37,4.1015625,1.953125,0,1.953125,-4.1015625,91,14.07936,38,0,0,84,0,1.28,2.96666666666667,0.299789473684211,1.10722,15,,,,,68.75,,0.03904,,0.83936,2.34210526315789,184,,,,,,,,,,,,,,,2741.875,228000,1437.75640625,100,262.9,,,,,,0,207.0664,,,,,,,,,,,,,,,,,,,,,,,,,,,,,,,,,,,,,,,,,,,,,,,,,,,
29,2025-12-31,14:54:36.78189,10.97542,,21.9607843137255,2750,37,4.1015625,1.953125,0,1.953125,0.9765625,91,14.00603,38,0,0,84,0,1.28,2.93333333333333,0.296421052631579,1.1339,15,,,,,62.5,,0.07808,,0.8784,2.31578947368421,208,,,,,,,,,,,,,,,2741.875,196000,1437.75640625,100,262.9,,,,,,0,207.0192,,,,,,,,,,,,,,,,,,,,,,,,,,,,,,,,,,,,,,,,,,,,,,,,,,,
30,2025-12-31,14:54:37.16134,11.35523,,21.9607843137255,2781.25,37,4.1015625,1.953125,0,1.953125,4.6875,91,14.07936,38,0,0,84,0,1.28,2.96666666666667,0.299789473684211,1.10722,15,,,,,62.5,,0.70272,,0.8784,2.34210526315789,168,,,,,,,,,,,,,,,2741.875,228000,1437.75640625,100,262.9,,,,,,0,207.0664,,,,,,,,,,,,,,,,,,,,,,,,,,,,,,,,,,,,,,,,,,,,,,,,,,,
31,2025-12-31,14:54:37.69842,11.89226,,21.9607843137255,2781.25,37,4.1015625,1.953125,0,1.953125,1.7578125,91,14.00603,38,0,0,84,0,1.28,2.96666666666667,0.299789473684211,1.12056,15,,,,,68.75,,0.0976,,0.85888,2.34210526315789,192,,,,,,,,,,,,,,,2741.875,228000,1437.75640625,100,262.9,,,,,,0,207.0664,,,,,,,,,,,,,,,,,,,,,,,,,,,,,,,,,,,,,,,,,,,,,,,,,,,
32,2025-12-31,14:54:38.15670,12.35033,,21.9607843137255,2750,37,4.1015625,1.953125,0,1.953125,2.734375,91,14.00603,38,0,0,84,0,1.28,2.93333333333333,0.296421052631579,1.12056,15,,,,,62.5,,0.74176,,0.85888,2.31578947368421,144,,,,,,,,,,,,,,,2741.875,228000,1437.75640625,100,262.9,,,,,,0,207.0664,,,,,,,,,,,,,,,,,,,,,,,,,,,,,,,,,,,,,,,,,,,,,,,,,,,
33,2025-12-31,14:54:38.60950,12.80311,,21.9607843137255,2781.25,37,4.1015625,1.953125,0,1.953125,4.1015625,91,14.07936,38,0,0,84,0,1.28,2.96666666666667,0.299789473684211,1.12056,15,,,,,68.75,,0.74176,,0.83936,2.34210526315789,176,,,,,,,,,,,,,,,2741.875,228000,1437.75640625,100,262.9,,,,,,0,207.0664,,,,,,,,,,,,,,,,,,,,,,,,,,,,,,,,,,,,,,,,,,,,,,,,,,,
34,2025-12-31,14:54:39.14799,13.34498,,21.9607843137255,2781.25,37,4.1015625,1.953125,0,1.953125,1.7578125,91,14.00603,38,0,0,84,0,1.28,2.96666666666667,0.299789473684211,1.09388,15,,,,,62.5,,0.05856,,0.83936,2.34210526315789,200,,,,,,,,,,,,,,,2741.875,228000,1437.75640625,100,262.9,,,,,,0,207.0664,,,,,,,,,,,,,,,,,,,,,,,,,,,,,,,,,,,,,,,,,,,,,,,,,,,
35,2025-12-31,14:54:39.64986,13.84379,,21.9607843137255,2781.25,37,4.1015625,1.953125,0,1.953125,2.5390625,91,14.00603,38,0,0,84,0,1.28,2.96666666666667,0.299789473684211,1.10722,15,,,,,62.5,,0.66368,,0.81984,2.34210526315789,136,,,,,,,,,,,,,,,2741.875,228000,1437.658125,100,260.2,,,,,,0,207.0664,,,,,,,,,,,,,,,,,,,,,,,,,,,,,,,,,,,,,,,,,,,,,,,,,,,
36,2025-12-31,14:54:39.93111,14.12533,,21.9607843137255,2781.25,37,4.1015625,1.953125,0,1.953125,2.5390625,91,14.07936,38,0,0,84,0,1.28,2.96666666666667,0.299789473684211,1.0672,15,,,,,68.75,,0.05856,,0.81984,2.34210526315789,192,,,,,,,,,,,,,,,2741.25,228000,1437.75640625,100,260.2,,,,,,0,207.0664,,,,,,,,,,,,,,,,,,,,,,,,,,,,,,,,,,,,,,,,,,,,,,,,,,,
37,2025-12-31,14:54:40.45198,14.6457,,19.6078431372549,2750,32,4.1015625,1.953125,0,1.953125,-9.9609375,91,14.07936,38,0,0,85,0,1.28,2.96666666666667,0.299789473684211,0.8671,15,,,,,43.75,,0.0976,,0.81984,2.34210526315789,0,,,,,,,,,,,,,,,2741.875,228000,1286.20671875,100,260.2,,,,,,0,207.0664,,,,,,,,,,,,,,,,,,,,,,,,,,,,,,,,,,,,,,,,,,,,,,,,,,,
38,2025-12-31,14:54:40.85332,15.04693,,19.6078431372549,2750,31,4.1015625,1.953125,0,1.953125,-9.9609375,91,14.07936,38,0,0,85,0,1.28,2.9,0.293052631578947,0.90712,15,,,,,43.75,,0.8784,,0.81984,2.28947368421053,0,,,,,,,,,,,,,,,2741.875,228000,1286.20671875,100,260.2,,,,,,0,207.0664,,,,,,,,,,,,,,,,,,,,,,,,,,,,,,,,,,,,,,,,,,,,,,,,,,,
39,2025-12-31,14:54:41.23735,15.43167,,19.6078431372549,2718.75,31,4.1015625,1.953125,0,1.953125,-9.9609375,91,14.07936,38,0,0,85,0,1.28,2.9,0.293052631578947,0.8671,15,,,,,43.75,,0.8784,,0.81984,2.28947368421053,0,,,,,,,,,,,,,,,2741.875,228000,1286.20671875,100,260.2,,,,,,0,207.0664,,,,,,,,,,,,,,,,,,,,,,,,,,,,,,,,,,,,,,,,,,,,,,,,,,,
40,2025-12-31,14:54:41.49174,15.68565,,16.8627450980392,2687.5,29,4.1015625,1.953125,0,4.1015625,-9.9609375,91,14.07936,38,0,0,85,0,1.28,2.86666666666667,0.289684210526316,0.77372,15,,,,,31.25,,0.8784,,0.81984,2.26315789473684,0,,,,,,,,,,,,,,,2741.875,228000,1134.7553125,100,260.2,,,,,,0,207.0664,,,,,,,,,,,,,,,,,,,,,,,,,,,,,,,,,,,,,,,,,,,,,,,,,,,
41,2025-12-31,14:54:41.93629,16.13052,,16.4705882352941,2656.25,25,4.1015625,1.953125,0,4.1015625,-9.9609375,91,14.00603,38,0,0,85,0,1.28,2.8,0.282947368421053,0.82708,15,,,,,31.25,,0.83936,,0.81984,2.21052631578947,0,,,,,,,,,,,,,,,2741.25,228000,1134.65703125,100,260.2,,,,,,0,207.0664,,,,,,,,,,,,,,,,,,,,,,,,,,,,,,,,,,,,,,,,,,,,,,,,,,,
42,2025-12-31,14:54:42.41482,16.609,,16.4705882352941,2593.75,26,4.1015625,1.953125,0,4.1015625,-9.9609375,91,14.07936,36,0,0,85,0,1.28,2.76666666666667,0.295111111111111,0.78706,15,,,,,31.25,,0.70272,,0.81984,2.27777777777778,0,,,,,,,,,,,,,,,2741.875,228000,1134.7553125,100,260.2,,,,,,0,207.0664,,,,,,,,,,,,,,,,,,,,,,,,,,,,,,,,,,,,,,,,,,,,,,,,,,,
43,2025-12-31,14:54:42.88152,17.07556,,16.4705882352941,2562.5,25,4.1015625,1.953125,0,4.1015625,-9.9609375,91,14.07936,36,0,0,85,0,1.28,2.73333333333333,0.288,0.8004,15,,,,,31.25,,0.74176,,0.89792,2.25,0,,,,,,,,,,,,,,,2741.875,228000,1134.65703125,100,260.2,,,,,,0,207.0664,,,,,,,,,,,,,,,,,,,,,,,,,,,,,,,,,,,,,,,,,,,,,,,,,,,
44,2025-12-31,14:54:43.24405,17.43767,,16.4705882352941,2468.75,25,4.1015625,1.953125,0,4.1015625,-9.9609375,91,14.07936,36,0,0,85,0,1.28,2.63333333333333,0.280888888888889,0.8004,15,,,,,31.25,,0.7808,,0.976,2.22222222222222,0,,,,,,,,,,,,,,,2741.875,228000,1134.65703125,100,260.2,,,,,,0,207.0664,,,,,,,,,,,,,,,,,,,,,,,,,,,,,,,,,,,,,,,,,,,,,,,,,,,
45,2025-12-31,14:54:43.63719,17.83112,,16.4705882352941,2468.75,25,4.1015625,1.953125,0,4.1015625,-9.9609375,91,14.07936,34,0,0,85,0,1.28,2.63333333333333,0.297411764705882,0.77372,15,,,,,31.25,,0.74176,,0.976,2.32352941176471,0,,,,,,,,,,,,,,,2741.875,228000,1134.65703125,100,260.2,,,,,,0,207.0664,,,,,,,,,,,,,,,,,,,,,,,,,,,,,,,,,,,,,,,,,,,,,,,,,,,
46,2025-12-31,14:54:43.89398,18.08763,,16.4705882352941,2437.5,25,4.1015625,1.953125,0,4.1015625,-9.9609375,91,14.07936,34,0,0,85,0,1.28,2.6,0.293647058823529,0.8004,15,,,,,31.25,,0.80032,,0.976,2.26470588235294,0,,,,,,,,,,,,,,,2741.875,228000,1134.65703125,100,260.2,,,,,,0,207.0664,,,,,,,,,,,,,,,,,,,,,,,,,,,,,,,,,,,,,,,,,,,,,,,,,,,
47,2025-12-31,14:54:44.33252,18.52678,,16.4705882352941,2375,25,4.1015625,1.953125,0,4.1015625,-9.9609375,91,14.07936,34,0,0,85,0,1.28,2.53333333333333,0.286117647058824,0.82708,15,,,,,31.25,,0.7808,,0.95648,2.23529411764706,0,,,,,,,,,,,,,,,2741.875,228000,1134.65703125,100,260.2,,,,,,0,207.0664,,,,,,,,,,,,,,,,,,,,,,,,,,,,,,,,,,,,,,,,,,,,,,,,,,,
48,2025-12-31,14:54:44.68194,18.8756,,16.4705882352941,2218.75,26,4.1015625,1.953125,0,4.1015625,-9.9609375,91,14.07936,34,0,0,85,0,1.28,2.33333333333333,0.263529411764706,0.77372,15,,,,,31.25,,0.85888,,0.95648,2.05882352941176,0,,,,,,,,,,,,,,,2741.875,196000,1159.9153125,100,260.2,,,,,,0,207.0664,,,,,,,,,,,,,,,,,,,,,,,,,,,,,,,,,,,,,,,,,,,,,,,,,,,
49,2025-12-31,14:54:45.04895,19.24335,,16.4705882352941,2062.5,27,4.1015625,1.953125,0,4.1015625,-9.9609375,91,14.07936,32,0,0,85,0,1.28,2.13333333333333,0.256,0.81374,15,,,,,31.25,,0.8784,,0.95648,2,0,,,,,,,,,,,,,,,2741.25,228000,1185.17359375,100,260.2,,,,,,0,207.0664,,,,,,,,,,,,,,,,,,,,,,,,,,,,,,,,,,,,,,,,,,,,,,,,,,,
50,2025-12-31,14:54:45.40275,19.59667,,16.4705882352941,1968.75,16,4.1015625,1.953125,0,4.1015625,0,91,14.07936,32,0,0,85,0,0,0,0,0.85376,15,,,,,31.25,,0.89792,,0.95648,1.96875,0,,,,,,,,,,,,,,,2741.875,228000,932.4925,100,260.2,,,,,,0,207.0664,,,,,,,,,,,,,,,,,,,,,,,,,,,,,,,,,,,,,,,,,,,,,,,,,,,
51,2025-12-31,14:54:45.77122,19.97092,,16.4705882352941,1968.75,16,4.1015625,1.953125,0,4.1015625,0,91,14.07936,26,0,0,85,0,0,0,0,0.90712,15,,,,,31.25,,0,,0.93696,2.38461538461538,0,,,,,,,,,,,,,,,2741.25,228000,907.3325,100,260.2,,,,,,0,207.0664,,,,,,,,,,,,,,,,,,,,,,,,,,,,,,,,,,,,,,,,,,,,,,,,,,,
52,2025-12-31,14:54:46.16473,20.35934,,16.8627450980392,1937.5,16,4.1015625,1.953125,0,4.1015625,0,91,14.07936,26,0,0,85,0,0,0,0,0.9338,15,,,,,31.25,,0,,0.95648,2.26923076923077,0,,,,,,,,,,,,,,,2741.875,228000,856.8159375,100,260.2,,,,,,0,207.0664,,,,,,,,,,,,,,,,,,,,,,,,,,,,,,,,,,,,,,,,,,,,,,,,,,,
53,2025-12-31,14:54:46.51322,20.70789,,21.1764705882353,1781.25,25,4.1015625,1.953125,0,4.1015625,3.3203125,91,14.07936,28,0,0,85,0,1.792,2.70666666666667,0.3776,1.18726,15,,,,,56.25,,0,,0.93696,2.10714285714286,16,,,,,,,,,,,,,,,2741.875,196000,1210.431875,100,260.2,,,,,,0,207.0192,,,,,,,,,,,,,,,,,,,,,,,,,,,,,,,,,,,,,,,,,,,,,,,,,,,
54,2025-12-31,14:54:46.94890,21.14248,,27.4509803921569,1968.75,32,4.1015625,1.953125,0,1.953125,4.6875,93,14.00603,24,0,0,85,0,3.328,5.37333333333333,0.859733333333333,2.2011,15,,,,,125,,0.89792,,0.03904,2.58333333333333,240,,,,,,,,,,,,,,,2741.875,228000,1311.465,100,260.2,,,,,,0,207.0664,,,,,,,,,,,,,,,,,,,,,,,,,,,,,,,,,,,,,,,,,,,,,,,,,,,
55,2025-12-31,14:54:47.36252,21.55707,,26.2745098039216,1968.75,32,4.1015625,1.953125,0,1.953125,1.3671875,91,14.00603,24,0,0,85,0,3.328,5.63333333333333,0.901333333333333,2.21444,15,,,,,131.25,,0.70272,,0.11712,2.70833333333333,104,,,,,,,,,,,,,,,2741.875,228000,1286.20671875,100,260.2,,,,,,0,207.0664,,,,,,,,,,,,,,,,,,,,,,,,,,,,,,,,,,,,,,,,,,,,,,,,,,,
56,2025-12-31,14:54:47.79308,21.98675,,31.7647058823529,2156.25,28,4.1015625,1.953125,0,1.953125,-2.1484375,91,14.00603,28,0,0,85,0,4.096,7.36,1.00937142857143,2.72136,15,,,,,175,,0.83936,,0.15616,2.46428571428571,32,,,,,,,,,,,,,,,2741.875,228000,1185.17359375,100,260.2,,,,,,0,207.0664,,,,,,,,,,,,,,,,,,,,,,,,,,,,,,,,,,,,,,,,,,,,,,,,,,,
57,2025-12-31,14:54:48.28903,22.48365,,33.7254901960784,2343.75,25,4.1015625,1.953125,0,1.953125,-6.4453125,91,14.00603,28,0,0,85,0,4.096,8.10666666666667,1.11177142857143,2.84142,14,,,,,206.25,,0.35136,,0.80032,2.71428571428571,0,,,,,,,,,,,,,,,2741.875,228000,1159.9153125,100,260.2,,,,,,0,207.0664,,,,,,,,,,,,,,,,,,,,,,,,,,,,,,,,,,,,,,,,,,,,,,,,,,,
58,2025-12-31,14:54:48.67032,22.86382,,33.7254901960784,2531.25,26,4.1015625,1.953125,0,1.953125,-5.2734375,91,14.07936,30,0,0,85,0,3.84,8.3,1.0624,2.94814,13,,,,,218.75,,0.17568,,0.83936,2.76666666666667,224,,,,,,,,,,,,,,,2741.875,228000,1159.9153125,100,260.2,,,,,,0,207.0192,,,,,,,,,,,,,,,,,,,,,,,,,,,,,,,,,,,,,,,,,,,,,,,,,,,
59,2025-12-31,14:54:49.07148,23.26515,,30.1960784313725,2656.25,32,4.1015625,1.953125,0,1.953125,-1.953125,91,14.00603,36,0,0,85,0,3.328,7.54,0.804266666666667,2.48124,13,,,,,181.25,,0.6832,,0.81984,2.41666666666667,48,,,,,,,,,,,,,,,2741.25,228000,1336.72328125,100,260.2,,,,,,0,207.0664,,,,,,,,,,,,,,,,,,,,,,,,,,,,,,,,,,,,,,,,,,,,,,,,,,,
60,2025-12-31,14:54:49.53463,23.72831,,29.4117647058824,2843.75,35,4.1015625,1.953125,0,1.953125,-0.78125,91,14.00603,36,0,0,85,0,3.072,7.36,0.785066666666667,2.29448,13,,,,,175,,0.83936,,0.81984,2.55555555555556,40,,,,,,,,,,,,,,,2741.875,228000,1437.75640625,100,260.2,,,,,,0,207.0664,,,,,,,,,,,,,,,,,,,,,,,,,,,,,,,,,,,,,,,,,,,,,,,,,,,
61,2025-12-31,14:54:49.98634,24.18043,,29.4117647058824,2968.75,39,4.1015625,1.953125,0,1.953125,-5.078125,91,14.07936,38,0,0,85,0,3.072,7.6,0.768,2.24112,13,,,,,181.25,,0.74176,,0.83936,2.5,152,,,,,,,,,,,,,,,2741.875,228000,1488.27296875,100,260.2,,,,,,0,207.0664,,,,,,,,,,,,,,,,,,,,,,,,,,,,,,,,,,,,,,,,,,,,,,,,,,,
62,2025-12-31,14:54:50.38387,24.57753,,29.8039215686275,3062.5,34,4.1015625,1.953125,0,1.953125,-3.90625,91,13.9327,38,0,0,85,0,4.608,12.12,1.22475789473684,3.12156,12,,,,,306.25,,0.85888,,0.83936,2.65789473684211,104,,,,,,,,,,,,,,,2741.875,228000,1159.81703125,100,260.2,,,,,,0,207.0664,,,,,,,,,,,,,,,,,,,,,,,,,,,,,,,,,,,,,,,,,,,,,,,,,,,
63,2025-12-31,14:54:50.84581,25.04192,,53.7254901960784,3312.5,18,4.1015625,1.953125,0,0,0,91,14.00603,42,0,2,85,0,8.192,23.04,2.10651428571429,3.29498,12,,,,,500,,0.89792,,0.93696,2.61904761904762,24,,,,,,,,,,,,,,,2741.875,228000,907.23421875,100,260.2,,,,,,0,207.0192,,,,,,,,,,,,,,,,,,,,,,,,,,,,,,,,,,,,,,,,,,,,,,,,,,,
64,2025-12-31,14:54:51.19458,25.38903,,50.5882352941176,3625,12,4.1015625,1.953125,0,0,0,91,13.9327,46,0,2,85,0,9.472,29.1066666666667,2.42977391304348,3.28164,11,,,,,618.75,,0.91744,,0.93696,2.58695652173913,120,,,,,,,,,,,,,,,2741.875,228000,831.459375,100,260.2,,,,,,0,207.0664,,,,,,,,,,,,,,,,,,,,,,,,,,,,,,,,,,,,,,,,,,,,,,,,,,,
65,2025-12-31,14:54:51.63090,25.82555,,43.1372549019608,4031.25,15,4.1015625,1.953125,0,0,0,93,14.00603,46,0,1,85,0,6.144,20.8,1.73634782608696,3.29498,11,,,,,481.25,,0.91744,,0.95648,2.84782608695652,184,,,,,,,,,,,,,,,2741.25,228000,1134.46046875,100,260.2,,,,,,0,207.0664,,,,,,,,,,,,,,,,,,,,,,,,,,,,,,,,,,,,,,,,,,,,,,,,,,,
66,2025-12-31,14:54:51.92793,26.12201,,31.7647058823529,4125,19,4.1015625,1.953125,0,0,0,91,14.00603,54,0,0,85,0,6.144,21.76,1.54737777777778,2.50792,11,,,,,518.75,,0.91744,,0.91744,2.55555555555556,128,,,,,,,,,,,,,,,2741.875,228000,1083.94390625,100,260.2,,,,,,0,207.0664,,,,,,,,,,,,,,,,,,,,,,,,,,,,,,,,,,,,,,,,,,,,,,,,,,,
67,2025-12-31,14:54:52.33833,26.5322,,29.8039215686275,4250,29,4.1015625,1.953125,0,0,0,91,14.07936,54,0,0,85,0,3.328,11.6133333333333,0.825837037037037,1.37402,11,,,,,300,,0.80032,,0.91744,2.46296296296296,24,,,,,,,,,,,,,,,2741.875,224000,1286.1084375,100,260.2,,,,,,0,207.0664,,,,,,,,,,,,,,,,,,,,,,,,,,,,,,,,,,,,,,,,,,,,,,,,,,,
68,2025-12-31,14:54:52.82673,27.02196,,16.8627450980392,3500,36,4.1015625,1.953125,0,1.953125,-6.25,93,14.00603,58,0,0,85,0,1.28,3.6,0.238344827586207,0.89378,12,,,,,50,,0.54656,,0.91744,1.82758620689655,0,,,,,,,,,,,,,,,2741.25,224000,1286.1084375,100,260.2,,,,,,0,207.0664,,,,,,,,,,,,,,,,,,,,,,,,,,,,,,,,,,,,,,,,,,,,,,,,,,,
69,2025-12-31,14:54:53.21452,27.40818,,53.7254901960784,3187.5,22,4.1015625,1.953125,0,0,0,93,14.00603,58,0,0,85,0,6.656,16.2933333333333,1.07873103448276,3.29498,12,,,,,381.25,,0.83936,,0.89792,1.67241379310345,16,,,,,,,,,,,,,,,2741.875,228000,983.0090625,100,260.2,,,,,,0,207.0664,,,,,,,,,,,,,,,,,,,,,,,,,,,,,,,,,,,,,,,,,,,,,,,,,,,
70,2025-12-31,14:54:53.71446,27.90798,,78.0392156862745,3218.75,12,4.1015625,1.953125,0,0,0,93,14.00603,58,0,1,85,0,8.96,24.5,1.62206896551724,3.28164,12,,,,,543.75,,0.91744,,0.93696,1.79310344827586,144,,,,,,,,,,,,,,,2741.875,228000,780.9428125,100,260.2,,,,,,0,207.0664,,,,,,,,,,,,,,,,,,,,,,,,,,,,,,,,,,,,,,,,,,,,,,,,,,,
71,2025-12-31,14:54:54.14475,28.33933,,54.5098039215686,3500,9,4.1015625,1.953125,0,0,0,93,13.9327,60,0,2,85,0,11.52,33.9,2.1696,3.28164,11,,,,,675,,0.91744,,0.93696,1.88333333333333,208,,,,,,,,,,,,,,,2741.875,196000,730.42625,100,260.2,,,,,,0,207.0664,,,,,,,,,,,,,,,,,,,,,,,,,,,,,,,,,,,,,,,,,,,,,,,,,,,
72,2025-12-31,14:54:54.57544,28.77087,,52.156862745098,3656.25,7,4.1015625,1.953125,0,0,0,93,13.9327,60,0,2,85,0,13.312,41.2533333333333,2.64021333333333,3.28164,11,,,,,787.5,,0.91744,,0.93696,2,32,,,,,,,,,,,,,,,2741.875,228000,730.42625,100,260.2,,,,,,0,207.0664,,,,,,,,,,,,,,,,,,,,,,,,,,,,,,,,,,,,,,,,,,,,,,,,,,,
73,2025-12-31,14:54:55.06630,29.26093,,39.2156862745098,3968.75,14,4.1015625,1.953125,0,0,0,93,14.00603,68,0,1,85,0,8.96,29.6333333333333,1.67341176470588,3.28164,11,,,,,618.75,,0.91744,,0.93696,1.88235294117647,72,,,,,,,,,,,,,,,2741.875,228000,907.23421875,100,260.2,,,,,,0,207.0664,,,,,,,,,,,,,,,,,,,,,,,,,,,,,,,,,,,,,,,,,,,,,,,,,,,
74,2025-12-31,14:54:55.48058,29.67524,,31.7647058823529,4000,28,4.1015625,1.953125,0,0,0,93,14.00603,76,0,1,85,0,1.792,5.97333333333333,0.30181052631579,1.96098,11,,,,,343.75,,0.85888,,0.89792,1.69736842105263,136,,,,,,,,,,,,,,,2741.875,224000,1235.591875,100,260.2,,,,,,0,207.0664,,,,,,,,,,,,,,,,,,,,,,,,,,,,,,,,,,,,,,,,,,,,,,,,,,,
75,2025-12-31,14:54:55.97833,30.17232,,18.0392156862745,3656.25,33,4.1015625,1.953125,0,1.953125,-6.0546875,93,14.07936,76,0,0,85,0,2.304,6.78,0.342568421052632,1.01384,13,,,,,193.75,,0.52704,,0.91744,1.46052631578947,40,,,,,,,,,,,,,,,2741.875,224000,1361.785,100,260.2,,,,,,0,207.0192,,,,,,,,,,,,,,,,,,,,,,,,,,,,,,,,,,,,,,,,,,,,,,,,,,,
76,2025-12-31,14:54:56.36011,30.55375,,16.8627450980392,2968.75,38,4.1015625,1.953125,0,1.953125,-10.15625,93,14.07936,76,0,0,85,0,1.28,3.06666666666667,0.154947368421053,0.90712,14,,,,,56.25,,0.54656,,0.95648,1.19736842105263,96,,,,,,,,,,,,,,,2741.875,224000,1437.75640625,100,260.2,,,,,,0,207.0664,,,,,,,,,,,,,,,,,,,,,,,,,,,,,,,,,,,,,,,,,,,,,,,,,,,
77,2025-12-31,14:54:56.81959,31.01331,,16.8627450980392,2406.25,34,4.1015625,1.953125,0,1.953125,-13.4765625,93,14.07936,76,0,0,85,0,1.28,2.5,0.126315789473684,0.89378,14,,,,,68.75,,0.64416,,0.95648,0.973684210526316,184,,,,,,,,,,,,,,,2741.875,224000,1336.72328125,100,260.2,,,,,,0,207.0664,,,,,,,,,,,,,,,,,,,,,,,,,,,,,,,,,,,,,,,,,,,,,,,,,,,
78,2025-12-31,14:54:57.15624,31.3518,,16.4705882352941,2156.25,33,4.1015625,1.953125,0,1.953125,-15.8203125,93,14.00603,74,0,0,85,0,1.28,2.26666666666667,0.117621621621622,0.84042,15,,,,,50,,0.8784,,0.95648,0.918918918918919,0,,,,,,,,,,,,,,,2741.875,224000,1311.465,100,260.2,,,,,,0,207.0664,,,,,,,,,,,,,,,,,,,,,,,,,,,,,,,,,,,,,,,,,,,,,,,,,,,
79,2025-12-31,14:54:57.56979,31.76438,,16.4705882352941,2000,32,4.1015625,1.953125,0,1.953125,-17.7734375,93,14.00603,64,0,0,85,0,1.28,2.1,0.126,0.8671,15,,,,,43.75,,0.89792,,0.95648,0.96875,0,,,,,,,,,,,,,,,2741.25,224000,1235.69015625,100,260.2,,,,,,0,207.0664,,,,,,,,,,,,,,,,,,,,,,,,,,,,,,,,,,,,,,,,,,,,,,,,,,,
80,2025-12-31,14:54:57.91549,32.1098,,16.4705882352941,2000,28,4.1015625,1.953125,0,4.1015625,-9.9609375,93,14.00603,64,0,0,85,0,1.28,2.2,0.132,0.82708,15,,,,,31.25,,0.89792,,0.95648,1.046875,0,,,,,,,,,,,,,,,2741.875,224000,1185.17359375,100,260.2,,,,,,0,207.0664,,,,,,,,,,,,,,,,,,,,,,,,,,,,,,,,,,,,,,,,,,,,,,,,,,,
81,2025-12-31,14:54:58.29388,32.48771,,16.4705882352941,2375,26,4.1015625,1.953125,0,4.1015625,-9.9609375,93,14.07936,56,0,0,85,0,1.28,2.66666666666667,0.185142857142857,0.78706,15,,,,,31.25,,0.89792,,0.95648,1.46428571428571,0,,,,,,,,,,,,,,,2741.875,224000,1159.9153125,100,260.2,,,,,,0,207.0664,,,,,,,,,,,,,,,,,,,,,,,,,,,,,,,,,,,,,,,,,,,,,,,,,,,
82,2025-12-31,14:54:58.74901,32.94269,,16.4705882352941,3062.5,28,4.1015625,1.953125,0,4.1015625,-9.9609375,93,14.00603,56,0,0,85,0,1.28,3.36666666666667,0.230857142857143,0.76038,15,,,,,31.25,,0.62464,,0.95648,1.83928571428571,0,,,,,,,,,,,,,,,2741.875,224000,1210.431875,100,260.2,,,,,,0,207.0664,,,,,,,,,,,,,,,,,,,,,,,,,,,,,,,,,,,,,,,,,,,,,,,,,,,
83,2025-12-31,14:54:59.19244,33.38694,,16.4705882352941,3062.5,28,4.1015625,1.953125,0,4.1015625,-9.9609375,93,14.07936,48,0,0,85,0,1.28,3.2,0.253333333333333,0.74704,15,,,,,31.25,,0.60512,,0.95648,1.97916666666667,0,,,,,,,,,,,,,,,2741.25,192000,1185.17359375,100,260.2,,,,,,0,207.0664,,,,,,,,,,,,,,,,,,,,,,,,,,,,,,,,,,,,,,,,,,,,,,,,,,,
84,2025-12-31,14:54:59.58405,33.7787,,16.4705882352941,2718.75,26,4.1015625,1.953125,0,4.1015625,-9.9609375,93,14.07936,48,0,0,85,0,1.28,2.83333333333333,0.226666666666667,0.78706,15,,,,,31.25,,0.62464,,0.93696,1.77083333333333,0,,,,,,,,,,,,,,,2741.875,224000,1134.65703125,100,260.2,,,,,,0,207.0664,,,,,,,,,,,,,,,,,,,,,,,,,,,,,,,,,,,,,,,,,,,,,,,,,,,
85,2025-12-31,14:54:59.93455,34.12826,,16.4705882352941,2500,25,4.1015625,1.953125,0,4.1015625,-9.9609375,93,14.00603,40,0,0,85,0,1.28,2.6,0.2496,0.78706,15,,,,,31.25,,0.72224,,0.95648,1.95,0,,,,,,,,,,,,,,,2741.875,224000,1134.65703125,100,260.2,,,,,,0,207.0192,,,,,,,,,,,,,,,,,,,,,,,,,,,,,,,,,,,,,,,,,,,,,,,,,,,
86,2025-12-31,14:55:00.34473,34.5384,,16.4705882352941,2281.25,26,4.1015625,1.953125,0,4.1015625,-9.9609375,93,14.07936,40,0,0,85,0,1.28,2.46666666666667,0.2368,0.78706,15,,,,,31.25,,0.85888,,0.95648,1.85,0,,,,,,,,,,,,,,,2741.875,228000,1134.65703125,100,260.2,,,,,,0,207.0664,,,,,,,,,,,,,,,,,,,,,,,,,,,,,,,,,,,,,,,,,,,,,,,,,,,
87,2025-12-31,14:55:00.66743,34.86151,,16.4705882352941,2281.25,26,4.1015625,1.953125,0,4.1015625,-9.9609375,93,14.00603,34,0,0,85,0,1.28,2.43333333333333,0.274823529411765,0.77372,15,,,,,31.25,,0.8784,,0.95648,2.14705882352941,0,,,,,,,,,,,,,,,2741.875,196000,1159.9153125,100,260.2,,,,,,0,207.0664,,,,,,,,,,,,,,,,,,,,,,,,,,,,,,,,,,,,,,,,,,,,,,,,,,,
88,2025-12-31,14:55:01.07980,35.2744,,16.4705882352941,2218.75,26,4.1015625,1.953125,0,4.1015625,-9.9609375,93,14.00603,32,0,0,85,0,1.28,2.4,0.288,0.78706,15,,,,,31.25,,0.89792,,0.95648,2.28125,0,,,,,,,,,,,,,,,2741.875,228000,1159.9153125,100,260.2,,,,,,0,207.0664,,,,,,,,,,,,,,,,,,,,,,,,,,,,,,,,,,,,,,,,,,,,,,,,,,,
89,2025-12-31,14:55:01.41923,35.61326,,16.4705882352941,2156.25,27,4.1015625,1.953125,0,4.1015625,-9.9609375,93,14.07936,32,0,0,85,0,1.28,2.26666666666667,0.272,0.84042,15,,,,,31.25,,0.8784,,0.95648,2.125,0,,,,,,,,,,,,,,,2741.875,228000,1210.431875,100,260.2,,,,,,0,207.0664,,,,,,,,,,,,,,,,,,,,,,,,,,,,,,,,,,,,,,,,,,,,,,,,,,,
90,2025-12-31,14:55:01.89304,36.08718,,28.6274509803922,2281.25,33,4.1015625,1.953125,0,1.953125,-12.3046875,93,14.00603,30,0,0,85,0,2.816,5.06,0.64768,2.18776,15,,,,,143.75,,0.62464,,0.93696,2.4,136,,,,,,,,,,,,,,,2741.875,228000,1084.14046875,100,260.2,,,,,,0,207.0664,,,,,,,,,,,,,,,,,,,,,,,,,,,,,,,,,,,,,,,,,,,,,,,,,,,
91,2025-12-31,14:55:02.32629,36.52095,,30.9803921568627,2375,31,4.1015625,1.953125,0,1.953125,-9.9609375,93,13.9327,30,0,0,85,0,3.328,6.58666666666667,0.843093333333333,2.4679,15,,,,,168.75,,0.05856,,0.89792,2.56666666666667,240,,,,,,,,,,,,,,,2741.875,228000,1286.1084375,100,260.2,,,,,,0,207.0664,,,,,,,,,,,,,,,,,,,,,,,,,,,,,,,,,,,,,,,,,,,,,,,,,,,
92,2025-12-31,14:55:02.74311,36.93723,,30.9803921568627,2531.25,31,4.1015625,1.953125,0,1.953125,-4.6875,93,14.07936,32,0,0,85,0,3.584,7.65333333333333,0.9184,2.50792,14,,,,,181.25,,0.72224,,0.8784,2.5625,152,,,,,,,,,,,,,,,2741.875,228000,1286.20671875,100,260.2,,,,,,0,207.0192,,,,,,,,,,,,,,,,,,,,,,,,,,,,,,,,,,,,,,,,,,,,,,,,,,,
93,2025-12-31,14:55:03.10064,37.29512,,30.9803921568627,2656.25,32,4.1015625,1.953125,0,1.953125,-3.515625,93,14.00603,32,0,0,85,0,3.584,8.02666666666667,0.9632,2.5346,14,,,,,193.75,,0.07808,,0.85888,2.71875,232,,,,,,,,,,,,,,,2741.25,228000,1311.465,100,260.2,,,,,,0,207.0664,,,,,,,,,,,,,,,,,,,,,,,,,,,,,,,,,,,,,,,,,,,,,,,,,,,
94,2025-12-31,14:55:03.52370,37.71832,,30.9803921568627,2812.5,33,4.1015625,1.953125,0,1.953125,-1.5625,93,14.00603,34,0,0,85,0,3.328,7.88666666666667,0.890729411764706,2.50792,14,,,,,193.75,,0.31232,,0.83936,2.67647058823529,56,,,,,,,,,,,,,,,2741.875,228000,1361.9815625,100,260.2,,,,,,0,207.0192,,,,,,,,,,,,,,,,,,,,,,,,,,,,,,,,,,,,,,,,,,,,,,,,,,,
95,2025-12-31,14:55:03.87306,38.06673,,30.9803921568627,2937.5,34,4.1015625,1.953125,0,1.953125,0.9765625,93,14.00603,40,0,0,85,0,3.072,7.6,0.7296,2.3345,13,,,,,187.5,,0.83936,,0.83936,2.4,136,,,,,,,,,,,,,,,2741.875,196000,1437.75640625,100,260.2,,,,,,0,207.0664,,,,,,,,,,,,,,,,,,,,,,,,,,,,,,,,,,,,,,,,,,,,,,,,,,,
96,2025-12-31,14:55:04.25502,38.44969,,17.2549019607843,2875,31,4.1015625,1.953125,0,1.953125,-2.5390625,93,14.00603,40,0,0,85,0,1.28,3,0.2848,1.09388,13,,,,,131.25,,0.76128,,0.83936,2.2,40,,,,,,,,,,,,,,,2741.875,224000,1387.23984375,100,260.2,,,,,,0,207.0664,,,,,,,,,,,,,,,,,,,,,,,,,,,,,,,,,,,,,,,,,,,,,,,,,,,
97,2025-12-31,14:55:04.67729,38.87095,,16.078431372549,2312.5,32,4.1015625,1.953125,0,1.953125,-6.0546875,93,14.07936,40,0,0,85,0,1.28,2.36666666666667,0.2272,0.92046,13,,,,,50,,0.66368,,0.85888,1.775,144,,,,,,,,,,,,,,,2741.875,224000,1336.72328125,100,260.2,,,,,,0,207.0664,,,,,,,,,,,,,,,,,,,,,,,,,,,,,,,,,,,,,,,,,,,,,,,,,,,
98,2025-12-31,14:55:05.07095,39.26564,,27.843137254902,2281.25,34,4.1015625,1.953125,0,1.953125,-8.203125,93,14.07936,40,0,0,85,0,2.816,5.06,0.48576,2.14774,13,,,,,137.5,,0.80032,,0.976,1.7,48,,,,,,,,,,,,,,,2741.875,224000,1311.465,100,260.2,,,,,,0,207.0192,,,,,,,,,,,,,,,,,,,,,,,,,,,,,,,,,,,,,,,,,,,,,,,,,,,
99,2025-12-31,14:55:05.46063,39.65429,,35.2941176470588,2250,23,4.1015625,1.953125,0,1.953125,-7.421875,93,14.07936,42,0,0,85,0,4.352,8.27333333333333,0.756419047619048,3.04152,13,,,,,206.25,,0.03904,,0.89792,1.76190476190476,64,,,,,,,,,,,,,,,2741.25,196000,1109.39875,100,260.2,,,,,,0,207.0664,,,,,,,,,,,,,,,,,,,,,,,,,,,,,,,,,,,,,,,,,,,,,,,,,,,
100,2025-12-31,14:55:05.94340,40.13713,,35.2941176470588,2406.25,23,4.1015625,1.953125,0,1.953125,-3.125,93,13.9327,42,0,0,85,0,4.352,8.61333333333333,0.787504761904762,3.1349,12,,,,,225,,0.80032,,0.83936,1.83333333333333,192,,,,,,,,,,,,,,,2741.875,228000,1084.14046875,100,260.2,,,,,,0,207.0664,,,,,,,,,,,,,,,,,,,,,,,,,,,,,,,,,,,,,,,,,,,,,,,,,,,
101,2025-12-31,14:55:06.35891,40.5535,,30.9803921568627,2500,27,4.1015625,1.953125,0,1.953125,-2.5390625,93,14.00603,44,0,0,85,0,3.328,6.93333333333333,0.605090909090909,2.50792,12,,,,,168.75,,0.74176,,0.81984,1.81818181818182,176,,,,,,,,,,,,,,,2741.875,228000,1336.72328125,100,260.2,,,,,,0,207.0664,,,,,,,,,,,,,,,,,,,,,,,,,,,,,,,,,,,,,,,,,,,,,,,,,,,
102,2025-12-31,14:55:06.84473,41.03843,,27.4509803921569,2593.75,36,4.1015625,1.953125,0,1.953125,0.1953125,93,14.00603,48,0,0,85,0,3.072,6.64,0.5312,2.21444,12,,,,,150,,0.85888,,0.81984,1.72916666666667,80,,,,,,,,,,,,,,,2741.875,228000,1387.23984375,100,260.2,,,,,,0,207.0664,,,,,,,,,,,,,,,,,,,,,,,,,,,,,,,,,,,,,,,,,,,,,,,,,,,
103,2025-12-31,14:55:07.23295,41.42649,,27.4509803921569,2625,37,4.1015625,1.953125,0,1.953125,-3.3203125,93,14.00603,48,0,0,85,0,2.816,6.23333333333333,0.498666666666667,2.18776,12,,,,,150,,0.85888,,0.80032,1.77083333333333,136,,,,,,,,,,,,,,,2741.875,196000,1437.75640625,100,260.2,,,,,,0,207.0664,,,,,,,,,,,,,,,,,,,,,,,,,,,,,,,,,,,,,,,,,,,,,,,,,,,
104,2025-12-31,14:55:07.62277,41.81658,,25.4901960784314,2656.25,41,4.1015625,1.953125,0,1.953125,-6.8359375,93,14.00603,50,0,0,85,0,2.048,4.64,0.356352,1.84092,12,,,,,112.5,,0.03904,,0.81984,1.72,40,,,,,,,,,,,,,,,2741.875,228000,1564.0478125,100,260.2,,,,,,0,207.0664,,,,,,,,,,,,,,,,,,,,,,,,,,,,,,,,,,,,,,,,,,,,,,,,,,,
105,2025-12-31,14:55:08.01735,42.21102,,24.3137254901961,2718.75,42,4.1015625,1.953125,0,1.953125,-1.7578125,93,14.07936,50,0,0,85,0,2.048,4.64,0.356352,1.54744,12,,,,,112.5,,0.80032,,0.81984,1.74,248,,,,,,,,,,,,,,,2741.875,228000,1564.0478125,100,260.2,,,,,,0,207.0664,,,,,,,,,,,,,,,,,,,,,,,,,,,,,,,,,,,,,,,,,,,,,,,,,,,
106,2025-12-31,14:55:08.49184,42.68561,,24.3137254901961,2718.75,43,4.1015625,1.953125,0,1.953125,-4.296875,93,14.07936,50,0,0,85,0,1.792,4.10666666666667,0.315392,1.49408,12,,,,,93.75,,0.8784,,0.85888,1.76,240,,,,,,,,,,,,,,,2741.25,228000,1589.30609375,100,260.2,,,,,,0,207.0664,,,,,,,,,,,,,,,,,,,,,,,,,,,,,,,,,,,,,,,,,,,,,,,,,,,
107,2025-12-31,14:55:08.83865,43.03233,,24.3137254901961,2750,43,4.1015625,1.953125,0,1.953125,-7.2265625,93,14.07936,54,0,0,85,0,1.536,3.56,0.253155555555556,1.44072,12,,,,,93.75,,0.85888,,0.93696,1.64814814814815,72,,,,,,,,,,,,,,,2741.25,196000,1589.30609375,100,260.2,,,,,,0,207.0664,,,,,,,,,,,,,,,,,,,,,,,,,,,,,,,,,,,,,,,,,,,,,,,,,,,
108,2025-12-31,14:55:09.21374,43.40739,,24.3137254901961,2781.25,42,4.1015625,1.953125,0,1.953125,-9.9609375,93,14.07936,54,0,0,85,0,1.536,3.56,0.253155555555556,1.42738,12,,,,,87.5,,0.31232,,0.91744,1.64814814814815,200,,,,,,,,,,,,,,,2741.25,228000,1564.0478125,100,260.2,,,,,,0,207.0664,,,,,,,,,,,,,,,,,,,,,,,,,,,,,,,,,,,,,,,,,,,,,,,,,,,
109,2025-12-31,14:55:09.52507,43.71867,,24.3137254901961,2781.25,42,4.1015625,1.953125,0,1.953125,-8.203125,93,14.07936,52,0,0,85,0,1.536,3.6,0.265846153846154,1.38736,12,,,,,87.5,,0.03904,,0.89792,1.73076923076923,160,,,,,,,,,,,,,,,2741.875,228000,1538.78953125,100,260.2,,,,,,0,207.0664,,,,,,,,,,,,,,,,,,,,,,,,,,,,,,,,,,,,,,,,,,,,,,,,,,,
110,2025-12-31,14:55:09.90988,44.10363,,23.5294117647059,2781.25,36,4.1015625,1.953125,0,1.953125,-4.6875,93,14.00603,52,0,0,85,0,1.28,2.93333333333333,0.216615384615385,1.09388,12,,,,,56.25,,0.03904,,0.89792,1.69230769230769,0,,,,,,,,,,,,,,,2741.875,228000,1286.305,100,260.2,,,,,,0,207.0664,,,,,,,,,,,,,,,,,,,,,,,,,,,,,,,,,,,,,,,,,,,,,,,,,,,
111,2025-12-31,14:55:10.34145,44.53568,,18.8235294117647,2812.5,29,4.1015625,1.953125,0,4.1015625,-9.9609375,93,14.07936,52,0,0,85,0,1.28,2.96666666666667,0.219076923076923,0.81374,12,,,,,43.75,,0.89792,,0.8784,1.71153846153846,0,,,,,,,,,,,,,,,2741.25,196000,1235.69015625,100,260.2,,,,,,0,207.0664,,,,,,,,,,,,,,,,,,,,,,,,,,,,,,,,,,,,,,,,,,,,,,,,,,,
112,2025-12-31,14:55:10.82558,45.01967,,18.8235294117647,2781.25,29,4.1015625,1.953125,0,4.1015625,-9.9609375,93,14.07936,52,0,0,85,0,1.28,2.93333333333333,0.216615384615385,0.8671,12,,,,,43.75,,0.91744,,0.8784,1.71153846153846,0,,,,,,,,,,,,,,,2741.875,228000,1235.69015625,100,260.2,,,,,,0,207.0664,,,,,,,,,,,,,,,,,,,,,,,,,,,,,,,,,,,,,,,,,,,,,,,,,,,
113,2025-12-31,14:55:11.15242,45.34655,,18.8235294117647,2750,29,4.1015625,1.953125,0,4.1015625,-9.9609375,93,14.07936,54,0,0,85,0,1.28,2.93333333333333,0.208592592592593,0.8671,12,,,,,43.75,,0.91744,,0.85888,1.62962962962963,0,,,,,,,,,,,,,,,2741.875,228000,1235.69015625,100,260.2,,,,,,0,207.0664,,,,,,,,,,,,,,,,,,,,,,,,,,,,,,,,,,,,,,,,,,,,,,,,,,,
114,2025-12-31,14:55:11.45797,45.65237,,18.8235294117647,2750,29,4.1015625,1.953125,0,4.1015625,-9.9609375,93,14.07936,54,0,0,85,0,1.28,2.93333333333333,0.208592592592593,0.82708,13,,,,,37.5,,0.91744,,0.85888,1.62962962962963,0,,,,,,,,,,,,,,,2741.875,228000,1235.7884375,100,260.2,,,,,,0,207.0664,,,,,,,,,,,,,,,,,,,,,,,,,,,,,,,,,,,,,,,,,,,,,,,,,,,
115,2025-12-31,14:55:11.83613,46.02973,,18.8235294117647,2750,30,4.1015625,1.953125,0,4.1015625,-9.9609375,93,14.07936,52,0,0,85,0,1.28,2.9,0.214153846153846,0.8671,13,,,,,43.75,,0.91744,,0.91744,1.67307692307692,0,,,,,,,,,,,,,,,2741.875,196000,1260.9484375,100,260.2,,,,,,0,207.0664,,,,,,,,,,,,,,,,,,,,,,,,,,,,,,,,,,,,,,,,,,,,,,,,,,,
116,2025-12-31,14:55:12.21401,46.40772,,18.8235294117647,2718.75,30,4.1015625,1.953125,0,4.1015625,-9.9609375,93,14.00603,52,0,0,85,0,1.28,2.9,0.214153846153846,0.82708,13,,,,,43.75,,0.89792,,0.95648,1.67307692307692,0,,,,,,,,,,,,,,,2741.875,228000,1260.9484375,100,260.2,,,,,,0,207.0664,,,,,,,,,,,,,,,,,,,,,,,,,,,,,,,,,,,,,,,,,,,,,,,,,,,
117,2025-12-31,14:55:12.69232,46.886,,18.8235294117647,2687.5,29,4.1015625,1.953125,0,4.1015625,-9.9609375,91,14.07936,52,0,0,85,0,1.28,2.86666666666667,0.211692307692308,0.84042,13,,,,,43.75,,0.89792,,0.95648,1.65384615384615,0,,,,,,,,,,,,,,,2741.875,228000,1235.69015625,100,260.2,,,,,,0,207.0664,,,,,,,,,,,,,,,,,,,,,,,,,,,,,,,,,,,,,,,,,,,,,,,,,,,
118,2025-12-31,14:55:13.17795,47.37277,,18.8235294117647,2656.25,29,4.1015625,1.953125,0,4.1015625,-9.9609375,91,14.07936,50,0,0,85,0,1.28,2.83333333333333,0.2176,0.8671,13,,,,,43.75,,0.89792,,0.95648,1.7,0,,,,,,,,,,,,,,,2741.875,228000,1361.9815625,100,260.2,,,,,,0,207.0664,,,,,,,,,,,,,,,,,,,,,,,,,,,,,,,,,,,,,,,,,,,,,,,,,,,
